User_id,User_name,Account,Password,Email,Phone,Gender,date_of_birth,Create_date,Last_login,valid,User_image
1,秦庭瑋,qianjing20172,b4ee17fb1f3bc20ab5cc13bc1d8a170f,lulei32436@test.com,0909741119,M,2005-10-22,2023-05-29 21:13:52,2023-10-29 02:52:38,1,4.346.png
2,劉俊傑,jieqiu68177,ec003ba8bee79b37d8f195a35b62c0b8,ichang82987@test.com,0945798152,F,1975-07-26,2023-05-02 06:34:22,2023-08-28 18:41:24,1,5.250.png
3,謝詩涵,liaoyang36386,bb1bb8671e62ae3c07c27b339bf464be,ypan97990@test.com,0997675821,M,1989-05-13,2021-11-08 20:08:46,2023-10-10 00:50:54,1,7.7c.png
4,喻婉婷,xia126818,f07f11525f2a49688fdaa7ad4454ec49,zengguiying23994@test.com,0920366955,M,1972-02-18,2023-10-19 02:43:24,2023-10-25 22:47:26,1,7.9.png
5,吳靜宜,xia4133540,eadedf2787b9ce90cba2546d7feffeee,xia9394516@test.com,0996842486,F,1966-05-13,2023-08-19 10:24:01,2023-05-23 23:57:43,1,9.287b.png
6,湯宜君,wgao28764,1a8e73b219ef6eba8f9f5ffaf93603ee,zpan40515@test.com,0983293243,M,1991-01-17,2021-09-08 16:05:45,2023-06-13 04:41:17,1,12.380b.png
7,馬冠宇,chu39083,e8c2febc86e1d08eb1caa1a2b06fad61,ming0020612@test.com,0900810843,F,1986-03-31,2022-01-02 10:00:43,2023-06-12 18:54:34,1,14.105.png
8,崔雅慧,chao2511594,bc389c3a506b87a25508124c8f06a71a,min7825123@test.com,0942477381,F,1971-11-10,2022-09-27 23:02:57,2023-06-18 00:48:35,1,15.212.png
9,黨淑慧,vhao29975,b7f476fc33b1ed7e68f75ea591d2322c,guiyingmao46707@test.com,0947825488,M,1964-09-19,2021-01-08 00:44:08,2023-12-04 06:48:31,1,18.281.png
10,魯冠宇,pingjiang56038,fbf608a1c8b25f6ba0786dce871c7871,hgong26081@test.com,0988325202,F,1982-04-24,2021-02-23 07:46:40,2023-01-23 18:39:03,1,22.78a.png
11,牟飛,shaojun46648,20ba86d3a9d989c7ebf3a930eb1d6fb4,xiulan5598703@test.com,0956340252,M,1978-08-30,2022-08-26 23:23:58,2023-04-03 15:15:50,1,25.137b.png
12,冼佳樺,nadong73949,2d683c2a2a032ef62a11fd4295d61b12,fangcheng63256@test.com,0962019387,F,1970-11-03,2021-02-17 23:22:48,2023-03-15 02:32:19,1,25.343b.png
13,楊怡萱,lxiao2418,cbaecf771998b11c5cb8d050045e4654,junma74060@test.com,0910447015,F,1978-07-08,2021-03-15 05:15:31,2023-08-19 08:44:14,1,26.34a.png
14,蘇彥廷,nzheng5396,285894c0dac73de9f5f0241078f4fc64,qiangcao34655@test.com,0999454547,M,1970-05-22,2023-03-16 12:20:24,2022-11-05 21:29:00,1,26.67a.png
15,黃羽,houlei84226,6e623752721750f7570c2c4454059ac2,hanming63057@test.com,0908537647,F,1982-05-08,2023-07-11 00:02:13,2023-06-23 00:33:23,1,26.281.png
16,杜龍,tianxiulan80169,5a8fe300a13ce2617b9885281fc8d1df,juan0750643@test.com,0906401834,M,1969-08-07,2022-06-06 21:33:04,2023-02-01 07:12:26,1,34.372.png
17,朱雅玲,yinjuan54932,bcc008f8e4148bf3dbd1d6d401cb2cb0,jun8857874@test.com,0977933966,F,1994-02-20,2021-01-20 15:05:20,2023-01-11 07:01:09,1,35.287b.png
18,殷淑貞,junluo97596,c3964749be59076de2e109e2ebab571e,minlei47913@test.com,0986136244,M,2000-12-15,2023-06-30 21:07:30,2022-12-06 23:27:48,1,37.137b.png
19,王佳穎,juan8039417,c21c94dfb2a86d0f83d89fa610b2ffbd,pingqin45868@test.com,0938665580,F,1966-05-08,2021-12-22 09:21:52,2023-06-06 02:07:04,1,38.243a.png
20,蘇冠霖,rye6716,932ab94f6f5688acd7a3edfe0edd6098,dzhao13091@test.com,0933755156,M,1996-10-15,2023-12-18 01:46:38,2023-01-14 19:19:39,1,38.338i.png
21,穆雅芳,liaoxiulan99719,0595a57be4aa7eb0531ac2d72b8408b7,xiuying4835451@test.com,0948960998,M,2002-11-10,2021-07-04 14:49:47,2023-02-09 23:57:31,1,50.50f.png
22,王淑慧,ctao82319,966b53ffb2bd35d158acfb62997368fd,fhan79079@test.com,0937866762,M,1996-10-18,2021-02-15 19:44:01,2022-11-03 16:25:04,1,51.67a.png
23,張馨儀,jing8820594,febbbed51d432feb9ecc2402bd466ac9,leihao93160@test.com,0909837657,F,1975-06-09,2021-04-13 21:45:48,2023-09-05 08:21:09,1,59.306.png
24,胡佩君,fengjing40840,3f7ebbd70612a108e727c4b4b2931ead,qiangmao29700@test.com,0955483327,M,1980-10-26,2021-11-29 07:25:55,2023-09-17 08:46:36,1,74.74a.png
25,朱怡婷,li3547253,0770180e068bf30ea0370b4e888ece6c,renjie44075@test.com,0929150410,M,1967-05-24,2022-07-16 10:17:24,2023-12-06 18:01:58,1,78.274.png
26,周雅慧,chenlei20495,cc0e27c8d96d94adac29789cc6bae6d6,fren54977@test.com,0926945156,M,1975-03-31,2023-06-08 10:32:32,2023-10-16 11:41:09,1,89.6b.png
27,賴雅萍,li8446155,26127124b3d4c32430f47327125b69a3,xuping19616@test.com,0966901747,F,1990-07-10,2021-10-02 06:27:50,2023-09-09 11:26:22,1,89.282a.png
28,林筱涵,lishen13361,f4dc8d02f61bce402046628b15fbfebf,yangmo41531@test.com,0920360764,F,1994-01-25,2022-05-07 04:38:24,2023-12-30 21:39:29,1,89.380a.png
29,左宗翰,caoyan40994,09cb75a160cb586769ef0434a16fea52,wei5010991@test.com,0998809389,M,1986-06-17,2023-11-10 23:23:05,2023-03-06 00:39:13,1,92.93b.png
30,張建宏,lei3138478,a5ac5d8f21b969a40dc16a0b769fc893,byan48264@test.com,0913272984,F,1991-01-29,2022-05-04 06:22:16,2022-12-09 19:18:24,1,94.309a.png
31,蔡哲瑋,tao2223104,93a7d02fe816869da3e734d233b5c86f,oqiu37713@test.com,0956964370,M,2000-01-15,2023-06-05 23:42:57,2023-05-08 23:56:33,1,99.143a.png
32,張筱涵,gyin41439,b71f3e529f49ad4c1b2a66b65de7e49e,mcheng72421@test.com,0979549972,M,1995-11-06,2023-08-16 04:59:13,2023-12-26 09:12:44,1,101.205a.png
33,郭雅芳,mengjun73742,6e47edd93c187045497a3f50d440e89d,yefang42409@test.com,0935529096,M,1984-03-18,2021-05-15 17:22:10,2023-05-20 21:42:26,1,106.67.png
34,李美琪,chao3883458,b0035dea475696f298630269fb9c2ab6,kongjie62672@test.com,0964254211,F,2002-12-15,2022-05-19 08:32:40,2023-02-16 22:56:41,1,107.67b.png
35,鐘佳樺,wei1132600,fdf25996ffa539966ba864a964608278,ozhao52269@test.com,0924764195,F,1977-06-30,2023-07-02 14:15:35,2022-11-01 06:57:09,1,107.309a.png
36,傅美玲,kongxia24163,f4425731ab73a45eabb04199c127f979,jie6257644@test.com,0978615822,M,1991-03-12,2021-01-12 04:13:05,2023-02-15 02:25:06,1,114.329a.png
37,萬威廷,weihou36799,23ed730b2e4707cc4789100dbdd287ed,lei9150476@test.com,0978838644,M,1982-08-06,2022-12-19 07:35:35,2022-10-28 17:26:02,1,116.230a.png
38,邢宜庭,yong0521649,c3ff0a1a89267d7fe1bc9507d9873933,zsu77694@test.com,0999116164,F,1999-05-21,2021-06-13 18:05:10,2023-03-12 22:41:40,1,130.142.png
39,曲馨儀,mingsu94369,fb14ee66f13ef547762b8875d4d21c89,wei2592060@test.com,0990758177,M,1989-04-19,2023-01-27 06:14:40,2023-10-23 04:39:52,1,130.342.png
40,張宜庭,guiying0867451,c919c9df78b7488a25188ae95eee2f6d,na3467926@test.com,0963999015,F,1974-11-24,2021-10-02 01:35:57,2023-12-07 19:55:25,1,130.342a.png
41,朱宇軒,guiyingxie61825,9f2f1b7e678034af445bdda629386c87,xujie21400@test.com,0904883095,M,1975-02-06,2023-02-09 11:47:01,2022-12-18 11:39:19,1,131.300a.png
42,胡雅文,umeng91425,192d3506572d6cd7486c46f2f95b3c18,gang3999493@test.com,0958816145,F,2001-02-02,2022-08-19 05:29:33,2022-11-02 10:01:50,1,137.67c.png
43,寇飛,fangdong8411,36e81eff1b8995fa3c69d19ef2014c68,gmeng93198@test.com,0997684316,M,1963-02-28,2021-11-17 06:03:42,2023-05-20 23:44:59,1,137.100a.png
44,王靜宜,xuena10509,1d89fcfa185c9a1ced88d7203cbe806d,mshao25746@test.com,0944213389,F,1984-07-27,2021-07-04 07:50:20,2023-08-07 04:49:53,1,140.424.png
45,薛宗翰,weiding56335,302a73f09089aaaf31df8e40fc420495,lei7553981@test.com,0997131710,M,2005-03-16,2022-08-24 07:07:33,2023-11-12 01:00:05,1,144.287f.png
46,陳中山,bzeng67649,10c371e182fe730f8930f1c34612eb6f,gangdong95622@test.com,0925676085,F,1991-07-07,2021-07-16 01:45:44,2023-03-15 21:15:02,1,145.287g.png
47,張庭瑋,mhu49766,1a2e033e581163a1aeef9bb207da2b0c,junduan36365@test.com,0911295218,F,1965-11-29,2021-11-18 03:13:02,2022-12-03 12:28:54,1,146.130c.png
48,孫淑芬,tao2789364,6a0f473126a2d4fb02be125b9cf8dae1,oluo32536@test.com,0965407570,M,1994-08-06,2022-06-18 23:42:18,2023-05-16 22:32:49,1,150.342.png
49,欒家瑋,ming7498611,b4c011d7cf39a0b6cb29084f3995f101,kzhu78206@test.com,0989158800,M,1972-02-02,2022-09-08 06:21:51,2023-10-21 14:30:21,1,151.358b.png
50,陳惠婷,uzhou73774,08684b8c63c126d2917b2805cdb9e50b,menglei13855@test.com,0977580215,F,2000-10-14,2021-01-23 16:14:50,2022-11-16 17:23:44,1,157.360c.png
51,李思穎,tao8141185,57609458af678edf2ea02bd1847e260e,xiahou17139@test.com,0995673125,M,1966-07-19,2023-01-04 20:10:04,2022-10-12 11:06:34,1,157.426c.png
52,張筱涵,xiaolei90521,422757bd4cbbfc75be3914fc0f95f86e,li383049@test.com,0961086482,F,1985-09-18,2023-02-04 10:10:09,2023-10-15 03:21:23,1,179.137a.png
53,林淑貞,wkang66043,7c407735d463b2fcb0a0e6f552eb97d9,caoxiuying67016@test.com,0951551392,M,1983-06-03,2021-05-10 12:59:06,2023-10-04 14:42:22,1,186.321a.png
54,馬雅文,ajiang37352,371592c456ca41215d45540d0d0631df,lei6533140@test.com,0916271996,M,1979-06-19,2022-10-12 07:09:38,2023-05-25 18:38:54,1,192.94b.png
55,張欣怡,qianggao16016,6f86edc9f6e5ce2c95fa2f633b3e01d1,lifan8150@test.com,0917061617,M,1982-11-28,2021-07-24 04:00:59,2023-01-16 08:09:04,1,196.245c.png
56,陳羽,na3312717,aa92a9a7d21b28e67b9dfe012776a543,jiefeng41123@test.com,0928950941,M,1971-05-10,2022-12-04 03:28:42,2022-12-22 01:55:38,1,197.91.png
57,金羽,ganglin59644,d20e07bfdd8f7a03d42a55814c0d969a,vshao15959@test.com,0914665578,M,1969-02-15,2022-08-29 16:01:19,2023-02-16 21:30:55,1,197.243.png
58,王靜怡,yanghe70537,182aa3b89cc2f71406a4adb7543587db,wangping80157@test.com,0949527086,M,1976-12-22,2022-06-05 23:03:37,2023-01-16 02:04:16,1,197.287d.png
59,崔嘉玲,juan1152708,8a0cd386131cf990ae6ea56a5e2c5ac6,yong642127@test.com,0947869154,F,1970-11-19,2021-03-01 22:37:24,2023-07-26 02:08:15,1,197.441d.png
60,高惠雯,laiqiang76444,f92a8d774a9d1771ef2dca5e942cba6a,lei7630216@test.com,0901204818,F,1998-08-06,2021-05-05 22:38:49,2022-11-27 12:18:53,1,198.460.png
61,舒冠廷,cqiu88129,683bbf3cb7ef584e69ded2636ff4e988,na6226493@test.com,0908267742,F,1990-03-09,2022-03-14 18:00:36,2023-07-17 01:38:32,1,200.141.png
62,葉庭瑋,wdu47616,e2ec7d605e6b6d9c426badeb2f8f421c,juanjin63019@test.com,0942937424,F,1988-05-26,2023-08-26 06:46:44,2023-04-20 09:02:02,1,200.428.png
63,胡婷婷,fwang41829,4f634c8d3d3426e5726f63498762b5ab,ping0731646@test.com,0997504420,M,1983-10-24,2023-05-18 06:31:47,2023-10-09 05:02:10,1,201.95.png
64,王柏翰,ming1052081,218ebc0e7c4468019a2d6b118a2e456f,pingyuan73998@test.com,0969713652,F,1997-06-17,2021-04-06 07:22:28,2023-03-23 05:51:02,1,201.196.png
65,譚欣怡,axiang66941,9351954ef3fe7cb79c587a5fbfe50436,yongtang86956@test.com,0900641934,M,1990-03-13,2022-12-30 23:33:33,2023-04-11 05:54:15,1,201.224d.png
66,沈惠雯,lei5077084,45fc9ea2c248ca3e2b89d8b354c09eb1,chaomeng33160@test.com,0972350253,F,1990-05-23,2022-08-01 00:54:21,2023-12-17 03:00:30,1,201.275d.png
67,林家瑋,weicui93761,fdd1a33427ae8849fa9c5f50d9f87064,pjin7985@test.com,0927740727,M,1999-10-13,2023-06-15 19:01:25,2023-10-06 20:51:40,1,205.205a.png
68,劉淑華,guiying5945350,3cc156a4250ff65c4ddfd4382b21f0ca,xiuyinghe28408@test.com,0908947485,M,1968-06-19,2023-05-16 06:04:32,2023-06-19 03:22:18,1,208.67a.png
69,蘇淑惠,kangjuan65008,d437b5d18a6f27eb777bc1c289d8ad75,wkang67791@test.com,0975682739,M,1985-05-08,2021-05-23 02:24:34,2023-04-28 23:26:19,1,211.94.png
70,陳沖,liaoxia7567,72cd1eec2db65401b24c06e03bf01362,guiyingxue2372@test.com,0963764489,M,1986-09-27,2022-11-26 23:28:20,2022-10-06 22:07:01,1,212.212.png
71,張慧君,azhu6602,fe39d30eaa4b29ab9bbdf40ea08d6142,yuna33094@test.com,0972508068,F,1978-02-28,2021-03-12 01:23:55,2023-04-26 04:15:57,1,212.369.png
72,宋家瑜,denglei30309,608cf492220d33e8fd7526cb36c4d991,jzhu6449@test.com,0931820587,F,1978-05-12,2023-11-17 11:45:41,2023-04-19 11:32:12,1,214.76a.png
73,陸龍,guiyingchang68024,99ae0d1531ba4b141c1f3670f74946f5,zcui58197@test.com,0907977986,M,1990-06-19,2023-09-04 15:58:32,2023-01-01 09:33:23,1,214.306a.png
74,詹美玲,yangyuan91658,d75820f7aeb0ee8fc69c54ff347e67dc,vli71327@test.com,0936268576,F,1995-04-15,2022-02-20 04:16:45,2023-02-11 18:11:05,1,214.331e.png
75,倪俊賢,ligao41403,9288e8a5db37d6ddf2ae340e76a6279a,syu51065@test.com,0942118156,M,1987-02-07,2023-05-05 23:26:13,2023-10-17 17:29:02,1,217.217.png
76,馮怡婷,wei6941430,213a6aba36ebf441df7c6b548e458932,wei9971438@test.com,0901936136,F,1970-04-06,2021-06-16 20:42:33,2023-09-16 15:05:52,1,217.354b.png
77,張家瑜,gang8853188,95c4b4ff6dbe14463f8bbc5d747ad28f,ganghao95815@test.com,0945370766,F,2003-06-11,2022-06-17 06:00:21,2023-02-08 14:21:59,1,218.321a.png
78,李郁婷,junmo48740,652483b2ed3dce9e927da1a90b7c64a7,xia6857322@test.com,0946915842,M,1981-12-18,2022-04-02 01:55:33,2023-12-26 10:36:02,1,219.67.png
79,楊婷婷,fangxu91046,5f158d26e7bc472e6f1140f1dcc8f3dd,gangmao80394@test.com,0930080452,M,1989-03-30,2021-05-23 21:42:30,2023-08-30 23:34:34,1,219.288.png
80,王心怡,weicheng64943,0c52b8cb9bc697aaff02b45fefa0811e,igong27543@test.com,0912687220,M,1985-09-15,2022-07-10 08:53:17,2022-10-27 11:45:34,1,221.309a.png
81,吳佳樺,xxu48861,56e37eb0867b1f5cd7a0765fdbe042b0,li2228197@test.com,0946310835,M,1994-11-02,2022-06-27 04:13:14,2023-01-28 14:52:38,1,222.131a.png
82,林淑芬,lizhou37623,16cd96b82c28bfa11dd1e078a48b67ab,lhu32848@test.com,0991961075,F,1968-06-05,2022-09-24 04:15:38,2023-10-11 10:34:27,1,222.210.png
83,田俊傑,xionggang92259,aef25c268a6ba541448e10566e9c0e66,szheng11537@test.com,0904460379,F,2006-01-11,2021-03-01 20:49:48,2023-03-07 19:32:51,1,225.78a.png
84,葉宇軒,changxiulan38548,494c7f588ca26667343a134d84b3e209,fuping84367@test.com,0906827331,M,1987-11-24,2023-07-03 05:14:22,2022-11-07 03:50:55,1,230.293.png
85,巫沖,guiyinglin2860,f420935663933785b7a6d0454d296ce2,qxiao37936@test.com,0975964536,M,1993-12-11,2023-02-12 12:42:32,2023-04-25 13:20:49,1,234.106a.png
86,邵怡婷,xiuyingtan60445,8a2c1f0a971dde0bf6e8eb1a31a3d7ae,jun2058489@test.com,0992738353,F,2001-09-21,2021-02-09 03:18:19,2023-02-15 23:06:11,1,248.160a.png
87,阮美琪,xiulan5113443,ac8657136aebe12bdfe72a74f0440c41,awang58609@test.com,0923198775,M,1980-01-20,2021-09-17 14:36:08,2022-11-09 13:23:13,1,250.250.png
88,王怡安,guiying595714,6f17d396ef27be629fe402aee191cb01,olong80678@test.com,0926193919,F,1982-06-03,2021-08-29 19:45:39,2022-11-08 15:07:03,1,250.250c.png
89,韓淑娟,yanzhao76502,4ef2093528de0a02076a20fa90676a4a,na5539940@test.com,0939702997,F,1983-12-28,2022-02-01 19:26:28,2023-02-21 09:06:18,1,251.36.png
90,孫佩珊,lizhong91384,908bdb5a654402729b6c4208c3d4985b,ijin21426@test.com,0962590955,F,1997-03-23,2022-11-09 07:07:40,2022-12-12 16:21:03,1,255.331c.png
91,姚淑華,guojie20125,2ba109fa2353cfd9fed8e8230121ad33,lijuan2866@test.com,0995683994,M,2000-10-19,2022-05-08 03:52:01,2022-12-29 11:31:10,1,256.97c.png
92,龔鈺婷,gangchang62858,f9a421f3cf46e76f67293bfe6d3bb1b5,bhuang40414@test.com,0971300418,F,1975-05-23,2021-08-26 13:48:54,2023-08-26 00:24:47,1,256.217b.png
93,熊佳慧,dongming2765,599889279e9ded3b4771704a95e3e5d6,chaoyang70192@test.com,0927748803,F,1987-11-09,2023-07-17 05:46:59,2022-10-10 09:52:30,1,256.380.png
94,柯彥廷,pyuan64811,8ac726a31d063e41a0c72d12ae11f16f,jing0474299@test.com,0902413154,F,1981-06-23,2021-11-12 09:56:03,2022-12-03 00:10:38,1,262.28d.png
95,石靜宜,xiulan8316437,eb8ca45a8fcafffc63c407c4303d0850,hanjun45005@test.com,0900496739,F,2003-04-11,2022-05-23 07:52:14,2023-02-24 10:16:26,1,332.78.png
96,孫欣怡,guli80867,51140ce70b2ed1df43b1e7a7f2cf8fe8,taoyu75369@test.com,0931593791,M,1981-02-26,2021-02-17 10:53:19,2023-05-17 04:48:58,1,332.262a.png
97,張承翰,xia6730585,a1af38de00c1b228a4b3b6f03c64162e,xiuying7532759@test.com,0968610387,F,1992-05-14,2021-10-21 05:18:06,2023-01-07 23:29:01,1,332.368.png
98,鄭信宏,songchao86900,d79bc3cba7ecc0bd7194b010da45dcf7,ehao78905@test.com,0992504346,M,1971-12-20,2022-10-17 03:51:52,2023-03-12 02:09:06,1,335.345a.png
99,王惠雯,zwang26226,e4c3cf6c4c87d993a636a00f8528998a,dengqiang61395@test.com,0957892762,F,1990-08-05,2023-06-22 10:43:56,2023-06-15 10:19:40,1,335.441.png
100,胡怡婷,min5930291,7e38de5fc54214aea844a0b24bb4de8b,jie399708@test.com,0982764354,M,1967-01-03,2021-02-17 08:24:27,2022-10-02 03:00:36,1,335.441a.png
